Accident Fields_Reference Number,Grid Ref: Easting,Grid Ref: Northing
51B0230,433936,428874
51B0349,430076,433872
51B0349,430076,433872
51B0349,430076,433872
51B0349,430076,433872
51B0349,430076,433872
51B0632,428627,432517
51B0975,424572,434438
51B1212,423190,434659
51B1241,431320,433911
51B1288,431791,434652
51B1315,430859,433470
51B1329,429654,433388
51C0703,432273,434581
51C1211,428411,435013
51C1909,427787,436484
51D0387,422306,445990
51D0810,426292,428015
51D1266,431346,433945
47I1326,431902,434864
4971519,421169,440497
4981404,429857,434402
4981404,429857,434402
4981404,429857,434402
5110140,433820,433502
5110577,430660,430766
5110577,430660,430766
5110577,430660,430766
5111304,431442,432717
5111365,429509,431308
5111365,429509,431308
5111365,429509,431308
5111443,428444,431338
5111450,428952,433434
5111461,428919,429888
5111524,425627,438001
5111524,425627,438001
5130351,425035,427720
5130478,429772,434647
5130621,432664,436931
5131385,427965,430292
5131497,424059,428048
5131497,424059,428048
5131497,424059,428048
5131860,426288,435692
5140317,431354,433969
5140764,426268,435815
5141403,431273,433825
5141435,431843,435796
5141464,434885,437921
5141464,434885,437921
5141687,431615,435268
5150878,430689,431925
5150878,430689,431925
5150988,431267,429674
5151211,429886,435210
5151365,430517,433712
5151365,430517,433712
5151410,424127,444006
5151410,424127,444006
5151410,424127,444006
5151432,422253,437288
5151459,439062,433978
5160107,429246,433955
5160854,422486,433074
5160883,432350,426044
5160883,432350,426044
5161450,431190,433664
5161450,431190,433664
5170291,428838,436574
5170529,426459,433842
5180252,433999,435142
5180490,422879,439315
5180563,426646,441800
5180563,426646,441800
5180709,420161,445804
5181139,429866,433412
5181330,431467,432552
5190310,424495,439140
5190724,418175,442474
5191140,429444,437311
5191266,424095,428091
51A0320,437768,432613
51A0334,435577,437891
51A0699,430907,432292
51A0945,437793,432383
51A1086,426484,432010
51A1433,432499,434064
51A1551,430944,436531
51A1895,421988,436527
51A1895,421988,436527
51E1008,431297,429122
51E1227,426521,435648
51E1717,430241,434626
51E1843,430404,428108
51F0205,435288,434836
51F0848,434197,434279
51F1050,429906,436509
51F1547,427741,436460
51G0154,430754,439227
51G0377,426759,427947
51G1228,420333,445551
51G1247,428405,432473
51G1268,431010,428483
51G1332,427732,425798
51G1508,425482,438746
51G1876,432513,427318
51G2091,432405,426229
51H0354,425900,434497
51H0915,439344,432363
51H1013,433394,435105
51H1034,431434,431599
51H1037,430874,433376
51I0259,426643,433874
51I0448,419531,441575
51I0448,419531,441575
51I0504,430770,433453
51I0504,430770,433453
51I0890,437771,433085
51I0890,437771,433085
51I0890,437771,433085
51I1124,431970,435825
51I1440,424278,428348
51J0246,431048,433059
51J0285,430951,429996
51J1698,434529,435517
51J2063,431421,432409
51K0068,424235,428163
51K0227,429702,431348
51K0227,429702,431348
51K0227,429702,431348
51K0227,429702,431348
51K0227,429702,431348
51K1256,430411,439579
51K1556,431091,432229
51L0609,431753,434603
51L0802,421533,445877
51L0802,421533,445877
51L0845,428805,425807
51L0977,426978,430296
51M0731,431803,431377
51M1160,430782,438592
51M1215,433816,434551
51M1215,433816,434551
51M1215,433816,434551
51M1215,433816,434551
51M1399,430157,430970
51N0267,435590,431291
51N0267,435590,431291
51N0812,423662,438120
51N1571,436642,432604
51N1993,428504,434471
51O0327,424992,432896
51O0327,424992,432896
51O0327,424992,432896
51O0688,430933,435649
51O0855,433562,425862
51O0866,427853,432793
51O1318,434164,433869
51P0268,434229,438674
51P0353,427493,436984
51P0812,431074,430365
51P0812,431074,430365
51P0848,428707,433140
51P0878,425473,432855
51P1051,432713,434970
51P1324,424868,434435
51P1516,429558,431565
51P1809,430499,437087
51Q0595,425941,437265
51Q0731,430045,431049
51Q1039,429760,434505
51Q1884,429224,431521
51R0160,432479,434780
51R1371,431982,435807
51S0923,431904,434860
51S1189,425626,428575
51S1426,422493,427896
51S1426,422493,427896
51T0191,432286,426254
51T0191,432286,426254
51T0214,423546,437387
51T0804,443335,435491
51T0804,443335,435491
51T0804,443335,435491
51T0963,432183,433327
51T1039,440500,446312
51T1111,443612,431682
51T1111,443612,431682
51T1315,427977,433614
51T1315,427977,433614
51T1315,427977,433614
51T1797,437897,433100
51U0222,427811,431244
51U0390,435268,434804
51U0670,438497,430405
51V0967,427489,434601
51V1253,436860,433637
51V1411,420831,439679
51V1573,435425,437263
51V1573,435425,437263
5210417,432522,427562
5210508,428837,440131
5210599,432375,426056
5210620,421723,432936
5210831,426517,435658
5210901,439742,430162
5211489,431304,434649
5211489,431304,434649
5211579,431213,426513
5211823,428098,436746
5220298,418458,442826
5220471,425837,437783
5221273,428995,429899
5221295,427102,427364
5221554,429972,433288
5221579,423857,438580
5221602,431883,435363
5221602,431883,435363
5221602,431883,435363
5221770,431739,431403
5230684,425116,432412
5230684,425116,432412
5230700,425465,426996
5230700,425465,426996
5230700,425465,426996
5230952,419469,441649
5231758,432630,434928
5231836,431349,435062
5240945,432285,433647
5240945,432285,433647
5240945,432285,433647
5241389,433108,436129
5241389,433108,436129
5241529,429003,433568
5241529,429003,433568
5241529,429003,433568
5241545,429359,436837
5241812,429139,435246
5250960,429061,434626
5251184,428055,433750
5251712,440564,431683
5251712,440564,431683
5251726,430246,433406
5252158,429795,433790
5261209,431517,426444
5261603,430604,434156
5270223,428743,433249
5270434,431007,430557
5270548,427803,431236
5270548,427803,431236
5270548,427803,431236
5271687,429190,431919
5271687,429190,431919
5271913,425453,435035
5271995,441757,427852
5281420,427899,433646
5281685,423695,428036
5290494,431182,438729
5291212,429124,433550
52A1309,427978,430277
52A1399,430699,434878
52A1718,427618,434516
52A1718,427618,434516
52B1046,431302,433880
52B1166,433259,432729
52C0465,444201,433468
52C1095,430711,424426
52C1430,431950,435798
52C1430,431950,435798
52C1751,430070,433830
52C1982,432552,434328
52D0357,431269,433826
52D0371,428113,432785
52D0581,431427,432651
52D0890,430040,434049
5.20E+250,424278,428910
5.20E+250,424278,428910
52E0458,433065,426415
52E0458,433065,426415
52E0458,433065,426415
52E1341,428139,435851
52E1362,432430,426102
52E1501,429183,430908
52F0138,426316,433620
52F0953,424129,430427
52G0403,429320,436294
52G0633,418260,442433
52G0633,418260,442433
52G0993,432129,435329
52G0993,432129,435329
52G1425,430837,433300
52G1725,432758,429212
52G1735,426551,438688
52G2053,431884,435126
52H0042,429186,435465
52H1452,431620,426338
52I0723,431512,440587
52I0795,431005,430543
52I0795,431005,430543
52I1158,432699,434508
52I1416,428011,435414
52I1529,433221,441562
52I1529,433221,441562
52I1722,443621,435554
52J0539,428935,433426
52J1728,432297,436292
52K0466,430205,433553
52K0633,430699,434881
52K0633,430699,434881
52K0633,430699,434881
52K0817,431929,445237
52K1668,426962,433382
52K1987,428128,434712
52L0839,414747,442826
52L1021,420690,440978
52L1071,427298,433770
52L1151,425976,434657
52L1510,431435,431610
52M0287,436925,433641
52M0493,428664,437012
52M0724,428432,435004
52M0724,428432,435004
52M1614,436214,436844
52M1828,427980,436048
52N0337,420485,440307
52N0338,422293,436835
52N0590,430099,431521
52N0790,428397,429061
52N1199,430420,433807
52N1702,425030,433179
52N1754,427541,436167
52N1934,427613,441658
52N2004,427915,435312
52O0005,419422,443129
52O0005,419422,443129
52O0005,419422,443129
52O1293,427887,430959
52P0959,432532,443146
52Q1077,433105,432725
52R0151,421084,434200
52R0502,427341,437182
52S0393,425214,426682
52S0393,425214,426682
52S0700,436796,428236
52S0700,436796,428236
52S1634,430366,432242
52S1650,430866,428552
5311326,422874,434819
5321014,441087,434591
5321560,427844,435959
5321651,428621,432870
5330782,427861,436179
5331118,432516,438025
5331745,427125,439903
5331745,427125,439903
5340882,434171,445051
5340882,434171,445051
5360287,434874,431312
5360401,431442,434895
5360430,417932,443181
5360888,420292,445366
5360985,430691,431911
5361667,427872,431314
5361667,427872,431314
5361857,426005,428231
5370745,427499,431339
5371093,426365,437829
5371464,418976,442084
5372047,431236,429806
5380230,426378,426747
5380339,432223,436395
5380766,425094,434309
5380766,425094,434309
5381175,440670,429117
5381477,431615,437682
5381518,442208,434639
5381586,428867,433730
5381587,440362,434712
5381894,429073,431236
5381894,429073,431236
5381894,429073,431236
5381927,430901,430366
5381927,430901,430366
5390904,426899,439316
5390904,426899,439316
5390904,426899,439316
5391525,429241,433846
5391982,435719,435741
53A0189,428111,426283
53A0189,428111,426283
53A0329,432283,426133
53A0824,430676,434874
53A0824,430676,434874
53A0824,430676,434874
53A1091,431888,435580
53A1754,431008,428122
53A1820,423848,434262
53A1820,423848,434262
53A1950,429188,431915
53B0398,427009,440183
53B0830,432434,434839
53B0830,432434,434839
53B0857,430766,438803
53B0872,432091,435867
53B0872,432091,435867
53C0145,426717,429878
53C0145,426717,429878
53C0352,425400,427054
53C1358,425123,437948
53D0336,429234,431911
53D0967,431667,434674
53E0338,430046,431273
53E0342,425956,428276
53E0991,436496,431059
53E0991,436496,431059
53E0991,436496,431059
53E1833,428803,434022
53F0198,429040,435636
53F0198,429040,435636
53F0309,427525,438702
53F0309,427525,438702
53F0315,422565,437956
53F0468,440592,448188
53F0696,433569,434932
53F0966,420501,434298
53F0966,420501,434298
53G0410,428585,435670
53G0972,428430,435004
53G1210,431759,435427
53G1829,436470,434065
53H0428,428962,435475
53I0076,438557,433791
53I1214,437013,434743
53J0217,428380,434057
53J0483,425110,445012
53K0029,430565,431181
53K0245,435802,425825
53K0425,426942,431790
53K1029,426269,442381
53K1029,426269,442381
53K1077,426324,438444
53K1098,427808,435402
53K1254,430073,433866
53K1272,428655,430790
53K1581,426214,431888
53L0230,431877,425611
53L0327,422477,438059
53L1179,436024,434796
53M0323,435940,433597
53M0763,431137,430366
53M0843,439867,441821
53M1438,434473,433713
53M1595,428939,430980
53M1981,433155,426325
53M1981,433155,426325
53M1981,433155,426325
53M1981,433155,426325
53N0309,427174,430619
53N0309,427174,430619
53N0566,434048,433351
53N0917,422759,433540
53N2005,431338,427073
53O0409,431966,435834
53O0849,431306,430217
53O0951,430289,435051
53O1399,424370,437848
53O1581,429588,434733
53O1731,431883,435291
53O1731,431883,435291
53O1731,431883,435291
53O1731,431883,435291
53P0417,426020,438121
53P0765,430797,434519
53P1231,436720,428775
53P1346,420176,445771
53P1346,420176,445771
53P1346,420176,445771
53P1620,424041,428048
53P1620,424041,428048
53Q0237,430414,437833
53Q0330,430887,436408
53R0642,426293,435593
53R1244,430878,438441
53S1268,430980,433148
53S1268,430980,433148
53T0219,431416,434085
53T0710,430909,426543
53U1260,426817,432945
53U1944,432402,434880
53V0006,429506,430264
53V0202,430006,432655
53V0768,439393,432439
53V1208,427681,436616
53V1284,429149,431740
53V1284,429149,431740
5410016,430692,434912
5410016,430692,434912
5410036,431176,434984
5410859,424436,429560
5420557,432431,443522
5420557,432431,443522
5421438,433120,429595
5431751,431064,430372
5431875,430940,430771
5441226,424608,428009
5441296,420667,434357
5441296,420667,434357
5450787,430241,432151
5450787,430241,432151
5450787,430241,432151
5450787,430241,432151
5450982,424708,433490
5450982,424708,433490
5450982,424708,433490
5451015,432178,434624
5451082,425147,432501
5451082,425147,432501
5451212,441345,445167
5451354,433685,427669
5451354,433685,427669
5451680,430988,435794
5451875,430073,434404
5460281,428419,432509
5460313,427137,426480
5461093,428472,425646
5461824,425159,433316
5471493,430438,437756
5471829,425937,435567
5480311,431184,434728
5490001,431896,430385
5490001,431896,430385
5490001,431896,430385
5490001,431896,430385
5490832,427536,438584
5491021,421462,442072
5491448,429375,431376
5491448,429375,431376
54A0960,424367,445376
54A0960,424367,445376
54A1454,426715,428117
54A1489,430323,434742
54A1629,425410,440390
54B0796,430763,438805
54B0796,430763,438805
54B0816,428768,434637
54B1375,429558,431570
54B1785,435098,425906
54B1785,435098,425906
54B1837,434140,434244
54C0484,429189,431919
54C0697,427270,433815
54C1066,427196,431817
54C1177,431442,432718
54D0521,422005,433002
54D0831,430866,434168
54D0986,428882,435524
54D2147,442269,449063
54D2147,442269,449063
54E0735,443425,435624
54E0735,443425,435624
54E0735,443425,435624
54E0735,443425,435624
54E0735,443425,435624
54E1406,429416,433949
54E1996,426345,428458
54E1996,426345,428458
54F0702,435035,437653
54F0741,426277,427876
54F0854,428097,434686
54G0998,429382,433769
54G0998,429382,433769
54G0998,429382,433769
54G1360,432459,433872
54G1709,420637,441130
54H1326,426405,428496
54H1469,430614,433698
54H1553,424071,434508
54H1553,424071,434508
54H1553,424071,434508
54I0100,424308,435336
54I1128,429654,431554
54I1128,429654,431554
54I1398,436860,435605
54I1850,434721,435335
54J0156,429506,434867
54J0401,424183,438894
54J0401,424183,438894
54J0401,424183,438894
54J0596,432242,426277
54J1361,428963,433920
54J1361,428963,433920
54J1373,428718,435614
54J1643,430758,439222
54J1682,427714,439198
54J2056,429166,434830
54K0301,425321,435950
54K0782,442952,442979
54K0874,428942,429847
54K0961,429961,428112
54K1210,430417,432786
54K1258,435870,425928
54K1258,435870,425928
54K1295,435072,435108
54K1295,435072,435108
54K1408,440663,434458
54K1408,440663,434458
54K1408,440663,434458
54K1408,440663,434458
54K1664,421494,434569
54L0634,431251,445733
54L1520,426780,426683
54L2179,442929,442967
54L2179,442929,442967
54M1038,437793,432980
54N1277,430659,433453
54N1277,430659,433453
54N2088,428571,431494
54O0121,425954,437527
54O0663,430821,433408
54O1067,426052,432994
54O1067,426052,432994
54O1067,426052,432994
54O1409,429917,437012
54O1524,427600,436796
54P0421,435884,436343
54P0556,441346,431951
54P1044,425167,435072
54P1044,425167,435072
54P1044,425167,435072
54P1295,425380,440749
54P1499,439653,446793
54P1499,439653,446793
54P1499,439653,446793
54Q0363,427070,429434
54Q0363,427070,429434
54Q0517,429177,438566
54Q0589,430094,433781
54Q0801,434747,433488
54Q0982,425159,434368
54Q1152,424794,427415
54Q1152,424794,427415
54Q1152,424794,427415
54Q1152,424794,427415
54Q2014,442752,429469
54Q2038,419832,441189
54Q2038,419832,441189
54R0290,427531,426319
54R0541,428439,433338
54R0620,427789,436380
54R0675,431507,432727
54R0796,430647,433457
54R1031,420714,440967
54R1093,435348,425898
54R1093,435348,425898
54R1325,428744,430857
54R1402,430852,434109
54R1402,430852,434109
54R1517,430721,439237
54R1775,426199,427519
54S1979,432600,426847
54T1252,433811,434054
54T1480,429019,430897
54U1045,431016,428491
54U1120,433186,433935
54U1512,436678,436624
54U1690,430779,438668
54U1699,436729,433816
5510256,425709,432933
5511148,423210,434203
5511218,430794,433456
5511277,432347,433705
5520837,440141,426164
5520989,436473,434061
5520989,436473,434061
5521141,436589,436642
5521240,429389,426425
5521410,430348,432101
5530252,420690,444983
5530263,421631,433679
5530558,429933,427363
5530752,432129,429313
5531085,425409,440391
5531160,426901,439315
5531298,427314,425926
5540548,433651,434305
5541452,427686,444755
5541517,426241,426884
5551010,428097,434763
5551704,430064,433790
5570613,421345,440482
5570679,434003,427705
5570807,425906,436261
5570807,425906,436261
5571146,430098,431479
5571789,431522,435146
5571789,431522,435146
5571789,431522,435146
5571789,431522,435146
5572161,430313,431178
5580349,435461,433396
5580644,439441,430735
5580644,439441,430735
5580644,439441,430735
5581159,429858,433791
5581410,428864,440052
5581932,428633,435476
5591416,435895,436408
5591481,431006,439233
55A0266,431310,431728
55A0299,425106,436047
55A0321,428376,435451
55A0349,445195,446988
55A0349,445195,446988
55A0355,443050,441161
55A0355,443050,441161
55A0397,421934,432849
55A0597,430303,427710
55A0808,424527,437062
55A1468,429446,438115
55A1743,432752,433768
55A1757,430404,435808
55B0076,429772,439286
55B0076,429772,439286
55B0192,430146,433399
55B0472,431363,434107
55B1122,438367,440737
55B1414,426715,435726
55B1491,435392,436699
55C0941,430028,433333
55C0941,430028,433333
55C2138,429417,433941
55D0656,433145,425894
55D0749,435933,425873
55D1383,438205,448170
55D1383,438205,448170
55D1383,438205,448170
55D1491,425566,434521
55D1825,427250,433646
55E1574,428008,435414
55E1727,430532,434824
55E2037,428876,430999
55F0863,425482,435864
55F1041,432945,435013
55F1832,431176,431451
55G0193,444030,433411
55G0367,431799,433132
55G1087,427989,426088
55G1500,430169,431925
55G1500,430169,431925
55G1604,429453,431767
55G1604,429453,431767
55H0331,433860,433840
55H0390,426437,435635
55H0839,429060,440247
55I0214,425789,432609
55I0393,429319,436619
55I0440,443628,436530
55I1230,428222,435781
55I1276,420266,434234
55I1495,426560,437636
55I1804,428902,431188
55I2266,430675,436792
55J1124,442237,442921
55J1124,442237,442921
55J1124,442237,442921
55J1124,442237,442921
55J1306,424765,434441
55J1649,428980,431679
55J2155,427914,435313
55K0040,430265,433080
55K0525,439478,426194
55K0525,439478,426194
55K0609,422233,446012
55K0609,422233,446012
55K1139,427711,436104
55K1169,420806,445708
55K1202,428887,429810
55K1795,432394,434672
55L0313,422457,427904
55L1204,436265,435684
55L1229,432297,436292
55L1454,430933,440023
55L1454,430933,440023
55L1463,430471,427015
55L1702,423623,437575
55L1702,423623,437575
55L1702,423623,437575
55L1917,426677,433057
55M0373,430096,431414
55M0489,436160,435074
55M0984,430705,433630
55M1235,432135,432852
55M1302,420831,439703
55M1668,431239,434801
55M1734,429149,431740
55M1734,429149,431740
55M1834,433110,434022
55N0340,430227,431975
55N0424,425181,437793
55N1031,428938,433424
55N1254,431804,434661
55N1310,431302,429225
55N1413,420091,440771
55O0005,427515,436954
55O0285,437732,429769
55O0830,426869,434481
55O1002,423310,437670
55O1118,424092,435499
55O1222,419578,446223
55O1346,426828,433092
55O1346,426828,433092
55O1346,426828,433092
55P0367,425493,437544
55P0378,429598,432562
55P0584,424594,436056
55P0777,428749,436968
55Q0121,427695,433712
55Q0121,427695,433712
55Q0595,424134,444004
55Q0595,424134,444004
55Q0623,443394,438644
55Q0623,443394,438644
55Q0623,443394,438644
55Q0623,443394,438644
55Q0623,443394,438644
55Q0623,443394,438644
55Q0928,435798,425984
55Q0928,435798,425984
55Q1054,432144,429782
55Q1656,420375,434510
55Q1954,431390,435084
55R0199,430835,424377
55R1200,433666,426974
55R1207,433265,427394
55R1283,429771,436618
55S1168,424373,445355
55S1240,430352,432103
55S1373,428970,435429
55S1782,426647,433086
55S2111,433101,436478
55T0376,429371,425870
55T1172,442665,442288
55T1200,434466,433697
55T1409,423110,437625
55T1483,431493,435908
55U0327,438661,445954
55U0656,432179,434626
55U1341,429552,434169
55U1806,428888,429809
55U1806,428888,429809
55U1806,428888,429809
55U1806,428888,429809
55U1806,428888,429809
55U1806,428888,429809
55U1806,428888,429809
55V0596,422219,438385
55V1147,432664,437999
55V1147,432664,437999
55V1147,432664,437999
5610438,432125,425757
5611609,430973,440100
5611609,430973,440100
5611670,429892,434519
5611702,436813,436500
5611702,436813,436500
5611702,436813,436500
5611702,436813,436500
5611733,432541,434897
5620883,434642,428162
5630563,431639,437403
5630737,430101,431509
5631357,430543,432742
5632197,423522,444449
5640056,432487,434769
5640903,423926,427919
5640903,423926,427919
5641021,428431,428713
5641122,423289,434657
5641122,423289,434657
5641132,431460,434010
5641450,426257,432271
5641515,429766,430608
5650554,427120,439290
5650878,428449,429063
5650931,433546,425864
5651232,428624,425115
5651310,428909,435507
5660575,420212,445526
5661188,429966,430365
5670265,429799,433376
5670265,429799,433376
5670906,431487,435011
5670912,428510,433255
5671642,423084,434894
5680382,430035,431022
5681155,434860,433361
5681187,443087,440735
5681187,443087,440735
5681187,443087,440735
5681539,436120,431172
5681539,436120,431172
5681637,431572,428653
5681663,423722,433812
5681774,434355,435292
5690653,430469,433290
5690701,429637,427150
5690777,430536,435324
5691705,431490,438677
5691922,431954,436268
56A0284,428377,432677
56A1111,431175,434983
56A1164,429646,427586
56A1796,432418,434409
56B0186,428606,432845
56B0470,435392,433731
56B0642,419316,441749
56B0993,434965,428208
56B1397,428800,432634
56C1359,431217,433746
56C1698,429816,430653
56C1698,429816,430653
56D0552,424061,428050
56D1539,431851,435645
56E0477,435425,439800
56E0483,427021,433109
56E1004,427298,433626
56E1043,436009,437010
56E1968,436506,441867
56E1968,436506,441867
56F1240,429123,433540
56F1289,426225,427438
56F1480,423634,438019
56F2269,436458,436049
56G0286,430196,434008
56G1144,426840,427835
56G1647,430020,438556
56G1687,431015,427865
56H0513,424419,445278
56H0522,426853,437547
56H0777,430374,433502
56H0779,431461,430310
56H1218,428708,433138
56H1218,428708,433138
56H1218,428708,433138
56H1249,431489,433749
56H1480,426077,436637
56H1483,429830,433736
56H1715,426276,435597
56I0264,425123,428034
56I0264,425123,428034
56I0356,421998,438911
56I0372,427499,426327
56I0372,427499,426327
56I0385,427058,430758
56I1044,426445,433948
56I1044,426445,433948
56I1098,432546,427813
56I1214,420890,441113
56I1471,427302,433638
56J0051,432498,430688
56J0328,425544,435379
56J0328,425544,435379
56J0342,424180,435567
56J0489,431194,427053
56J0552,418233,442442
56J0552,418233,442442
56J1036,429190,433851
56J1096,430430,433883
56J1324,431247,445731
56J2283,425705,436955
56K0452,430831,439690
56K1462,428311,429586
56K1462,428311,429586
56K1643,426905,439378
56K1979,425730,435662
56L0315,437312,429479
56L0680,428977,432365
56L1162,433071,427619
56L1295,431529,430535
56L1295,431529,430535
56L1893,427222,435212
56M0359,432354,434946
56M0434,428679,445080
56M0434,428679,445080
56M0710,431447,428038
56M0879,426776,435504
56M1193,429185,433852
56N2060,436730,428794
56O0370,426661,441798
56O1258,445928,431195
56O1466,429369,433781
56O1555,433722,434978
56O1743,430268,434077
56P0363,419776,434046
56P0416,427482,437000
56P0740,429694,432311
56P1224,421854,433953
56P1224,421854,433953
56P1254,427127,439287
56P1418,433274,426151
56P1524,431510,435135
56P1541,430871,436845
56P1601,427370,433647
56P1737,435062,435758
56Q0406,434622,441226
56Q0406,434622,441226
56Q0491,429434,433461
56Q1275,427490,431336
56Q1543,432057,435968
56R0168,425072,435189
56R0350,428116,426285
56R0934,435700,436973
56R0934,435700,436973
56R0947,427915,433639
56R1097,430660,434702
56R1097,430660,434702
56R1163,431417,434272
56R1266,434937,434644
56R1295,436445,434702
56R1295,436445,434702
56R2028,429369,433781
56S0317,428272,426395
56S0317,428272,426395
56S0317,428272,426395
56S0411,435025,436373
56S0456,429390,433815
56S0469,432055,435969
56S0632,427181,435270
56S1005,431697,426392
56S1258,429340,437270
56S1295,434482,434612
56S1295,434482,434612
56S1307,428661,426428
56S1307,428661,426428
56S1737,419270,446311
56T0678,428224,429487
56T1690,429456,434910
56U0266,423867,437663
56U0266,423867,437663
56U0266,423867,437663
56U0266,423867,437663
56U0266,423867,437663
56U0266,423867,437663
56U0266,423867,437663
56U0377,426218,434033
56U0377,426218,434033
56U0755,430667,433655
56U0755,430667,433655
56U1100,428438,435711
56U1218,428369,431617
56U1218,428369,431617
56U1218,428369,431617
56U1218,428369,431617
56U1218,428369,431617
56U1570,430931,429752
56U1571,430000,438583
56U1853,431717,436074
5710014,430028,433333
5710764,429120,432170
5711414,430939,435679
5711464,440475,447662
5711538,427636,435972
5711568,443302,445917
5711568,443302,445917
5712160,430794,431964
5720328,433362,425663
5720330,431071,434566
5721098,430892,433813
5721294,426440,428516
5721335,431343,433944
5721335,431343,433944
5721647,422818,435383
5721924,424118,428137
5721924,424118,428137
5721924,424118,428137
5722273,425925,426689
5730296,440438,446501
5730296,440438,446501
5730426,436160,436039
5730829,432149,434962
5731011,430838,434444
5731394,431646,435322
5731394,431646,435322
5740995,428408,432474
5741533,431863,435667
5741767,427035,431627
5741979,429888,431110
5750302,429442,430221
5750710,425099,440609
5751085,436172,434557
5751468,429305,431834
5751481,431427,432648
5751481,431427,432648
5752001,424742,434883
5760486,430006,428095
5760933,427979,430315
5761009,421953,436530
5761009,421953,436530
5761164,441722,444181
5762393,427452,431884
5762393,427452,431884
5762412,429163,431600
5770746,421915,446013
5772001,432042,435570
5781839,427061,431802
5781839,427061,431802
5781839,427061,431802
5791589,430068,435412
5792001,430802,433273
5792001,430802,433273
5792001,430802,433273
5792001,430802,433273
5792363,431969,435837
5792363,431969,435837
5792363,431969,435837
57A0418,432398,433687
57B0236,432444,433799
57B1301,420308,434231
57B1427,429847,430831
57B1616,423847,443911
57B2176,428430,434981
57C0143,425336,432728
57C1009,428550,435467
57C1466,422932,435659
57D0603,430996,428274
57D0744,436781,434702
57D0744,436781,434702
57D1562,422350,428532
57D1870,428514,433060
57D1870,428514,433060
57D2007,432191,438846
57E0882,428834,434633
57E0882,428834,434633
57E1689,436543,436647
57F0738,421705,435585
57F1030,426408,428193
57F1049,425400,440556
57F1049,425400,440556
57F2058,431966,431243
57F2058,431966,431243
57G1209,426853,441340
57G1209,426853,441340
57G1403,430036,432503
57G1439,424578,435162
57G1530,443381,428630
57G1530,443381,428630
57G1531,430141,429926
57G2090,430781,438592
57H0311,422880,439314
57H0504,425725,442965
57H0567,428775,425802
57H1464,439141,432086
57H1760,429933,427362
57I0949,430757,438842
57I1268,424470,433644
57I1268,424470,433644
57J0417,426992,437455
57J0445,436005,435768
57K0391,431365,433768
57K1327,420961,439970
57K1628,429125,433510
57K1685,427740,425074
57K2129,421723,435141
57K2129,421723,435141
57M1205,436311,435756
57M1356,421192,440443
57M1543,423085,444586
57N0424,426925,433434
57O0380,419417,441694
57O0380,419417,441694
57O0380,419417,441694
57O1099,429768,433594
57O1304,430070,433831
57O1424,421167,434475
57O1833,428141,435847
57P0643,440485,449152
57P0643,440485,449152
57P0749,429835,444903
57P0960,431134,426524
57P1851,425450,428564
57P1851,425450,428564
57Q1077,433480,435111
57Q1077,433480,435111
57Q1077,433480,435111
57Q1595,430617,432659
57Q1595,430617,432659
57Q1904,426805,432071
57R0574,428393,434072
57R0785,428444,427381
57R1000,443590,437926
57R1000,443590,437926
57R1000,443590,437926
57R1147,431203,428830
57S1169,425540,432573
57S1169,425540,432573
57S1894,430185,433924
57T1218,422595,432818
57T1504,433562,434960
57T1698,428012,424363
57U0895,430863,434189
57U1349,431915,428213
57U1496,426269,434031
57V0747,420337,437129
57V1105,423571,434342
57V1380,430261,433751
57V1541,429990,431009
5810777,417956,442938
5810793,432519,427209
5810794,431384,432387
5811528,431883,435258
5811727,432855,435969
5811845,430453,431650
5812124,431879,435362
5820526,433151,426329
5821436,428400,430476
5821942,429287,435065
5822057,430892,436416
5830755,432167,438806
5830755,432167,438806
5830755,432167,438806
5830993,434502,437179
5831173,436344,436609
5831346,432321,436216
5831990,433795,437143
5831990,433795,437143
5832124,428849,431623
5841254,436099,434818
5841303,435672,434959
5841440,428838,436574
5850339,418943,441618
5850615,436172,427678
5851272,429913,433798
5851272,429913,433798
5851554,428907,435508
5860620,427559,425418
5860974,429738,432940
5860974,429738,432940
5861096,430953,435784
5870425,429136,433091
5871023,438616,429677
5872058,426301,435528
5880378,428800,431635
5890376,421388,444901
5890759,429389,428107
5890925,434860,437986
5891133,430083,431196
5891270,433021,434136
5891270,433021,434136
5891270,433021,434136
5891423,425042,433160
5891432,432309,434658
5891451,433219,430020
5891451,433219,430020
5891725,429769,430729
5891970,424992,432896
58A0430,430800,433273
58A0479,428934,429851
58A0751,430261,433751
58A0781,436168,434462
58A1784,433105,432725
58B0940,433873,434068
58B0940,433873,434068
58B1078,430808,433272
58B9999,428004,426232
58C1036,434804,428897
58C1229,431083,436053
58C1412,429738,432940
58D0398,430278,431938
58D0477,429146,432000
58D0477,429146,432000
58D0592,430078,433890
58E1131,422028,436565
58E1131,422028,436565
58F0056,426720,426699
58F1534,427340,427812
58G0123,431320,435044
58G0689,431622,434439
58G0696,426576,433900
58G1310,430400,437873
58G1314,430301,433388
58G1532,425993,429974
58G1947,428526,429635
58H0461,431996,432335
58H1535,420075,439061
58H1705,428581,431546
58I0137,429109,433835
58I0137,429109,433835
58I0281,441054,432041
58I1017,436717,436673
58I1042,431970,435823
58J0457,419786,434051
58J0664,432460,438848
58J0719,428395,434074
58K0771,421711,442269
58K1318,431457,430270
58K1318,431457,430270
58K1318,431457,430270
58K1318,431457,430270
58K1318,431457,430270
58K1318,431457,430270
58K1318,431457,430270
58K1318,431457,430270
58K1318,431457,430270
58L1429,434109,433900
58L1429,434109,433900
58L1538,429201,426408
58L1538,429201,426408
58L1538,429201,426408
58L1538,429201,426408
58L1538,429201,426408
58L1538,429201,426408
58L1743,440441,447671
58M0654,433260,435138
58M0706,423923,429722
58M0900,423150,437706
58M1371,435690,433910
58M1951,428463,431347
58M1951,428463,431347
58M1951,428463,431347
58N0284,428389,436282
58N0339,430839,433997
58N0386,433229,427628
58N0589,427485,437003
58N1280,432642,435860
58N1280,432642,435860
58O0326,432158,429927
58O1202,428500,433156
58O1973,427499,431339
58P0450,429248,426734
58P0570,423953,435420
58P0856,440111,439656
58P0856,440111,439656
58P0856,440111,439656
58P0856,440111,439656
58P1294,431766,432874
58P1534,430588,430943
58Q0081,429102,432195
58Q0261,432124,428919
58Q0818,430810,433889
58Q1030,422428,441625
58Q1030,422428,441625
58Q1723,434069,429931
58Q1867,429940,427145
58R0046,434354,435346
58R0264,423562,442239
58R1084,423998,428000
58R1478,431010,430543
58R1478,431010,430543
58R1906,438013,438405
58R1906,438013,438405
58R1906,438013,438405
58S0489,428108,426286
58S0489,428108,426286
58S0489,428108,426286
58S0994,421853,441244
58S1018,431400,438788
58T0400,427071,433707
58T0767,429968,433226
58T0856,421107,433294
58T0974,431165,433640
58T1070,429148,431765
58T1142,423062,437684
58T1142,423062,437684
58T1230,433654,427664
58U1588,424447,438618
58U1823,425040,432198
58U1823,425040,432198
5910852,428588,431554
5911152,431707,439185
5911462,427122,425011
5911541,439254,430998
5911546,419655,446209
5911607,431675,435361
5911607,431675,435361
5911677,431509,435136
5930452,435267,439745
5930452,435267,439745
5931499,428278,429576
5931624,440487,433192
5931935,428393,440975
5940374,424968,427566
5940805,430085,433375
5941215,431627,435288
5950415,430902,430369
5951304,431950,428204
5951304,431950,428204
5951581,440551,431707
5960358,425559,434144
5960391,427365,430359
5970290,422418,445882
5970615,425975,436959
5971157,435491,437254
5971218,427870,436243
5971248,424027,438357
5971435,420753,434401
5981071,432576,429813
5981111,428809,432611
5981387,426686,435053
5981573,428477,427504
5981573,428477,427504
5981680,429570,434796
5981774,425676,435401
5990850,444733,436442
59A0556,420201,445700
59A0687,419047,441963
59A0976,427565,436881
59A0976,427565,436881
59A1274,430075,433369
59B0209,432176,426123
59B1023,424092,428107
59B1023,424092,428107
59B1732,426347,433090
59B1865,427524,428078
59B1865,427524,428078
59C0465,427552,431986
59C0786,432504,427064
59C0943,433471,441811
59C1006,426897,439315
59C1241,426179,427665
59C1891,431465,432699
59D0345,421712,443901
59D0828,431757,435448
59D0832,434525,438222
59D0889,425342,443246
59D0889,425342,443246
59D0907,433113,435004
59D1624,422281,436821
59E0535,433128,436118
59E0619,418973,442061
59E0694,421371,441020
59E0891,429962,430873
59E1108,428289,429572
59E1281,421684,436146
59E1586,429753,423575
59E2085,427531,438609
59E2085,427531,438609
59G0971,427340,429633
59G1509,443475,438421
59G1726,433790,434702
59H0458,427742,433704
59H0870,430816,439623
59H1629,440761,433434
59I0614,429873,433796
59I0842,428071,434988
59I0903,443647,431684
59I0903,443647,431684
59I1049,430884,436566
59I1115,420714,445599
59I1342,426821,434977
59I1593,439765,447152
59J0854,426287,442356
59J0895,432612,433827
59J0942,428118,427784
59J1002,433228,436192
59J1112,431539,433622
59J1513,430466,435420
59J1554,426233,431660
59K0509,420303,445364
59K0897,431961,430318
59L0612,415910,442016
59L0730,421272,441433
59L0871,422287,436823
59L0871,422287,436823
59L0871,422287,436823
59L1213,430871,434370
59L1282,430885,434249
59M0704,440392,433265
59M0785,431841,435129
59M0863,431915,428139
59M0863,431915,428139
59M1114,430550,433444
59M1738,432085,435597
59N1573,428957,431002
59O0251,443648,437389
59O0534,443618,435559
59O1254,436262,425939
59O1254,436262,425939
59O1281,429149,425879
59P0688,426350,435931
59P1181,430481,433824
59P1181,430481,433824
59Q0296,437461,425649
59Q0312,424799,427790
59Q0312,424799,427790
59Q0912,431604,435249
59Q1075,436104,434837
59Q1308,427393,434637
59Q2019,428256,434464
59Q2019,428256,434464
59R0125,431293,434872
59R0125,431293,434872
59R0351,427888,432914
59R0443,424183,435436
59R0643,423001,432561
59R1540,435034,434984
59R1892,429818,433406
59S1424,428089,426542
59S1424,428089,426542
59S1424,428089,426542
59S1424,428089,426542
59S1424,428089,426542
59S1821,420846,434432
59T0399,434713,428186
59T0399,434713,428186
59T0610,430792,428398
59T0631,428072,433545
59T0631,428072,433545
59U0868,423051,437658
59U1690,438495,430408
59U1761,431268,433827
5A10569,431970,435823
5A11255,431199,431472
5A11545,431511,435122
5A11724,430875,434253
5A20328,432330,440173
5A20351,429137,435243
5A20351,429137,435243
5A20523,425633,432686
5A20633,432368,426056
5A21133,428529,430752
5A21559,426066,427716
5A30363,430906,436556
5A30576,421992,436559
5A31273,432583,433910
5A31385,428045,432830
5A31385,428045,432830
5A31571,425798,440023
5A51285,423689,433833
5A60746,418200,441336
5A60746,418200,441336
5A60746,418200,441336
5A61119,430664,434302
5A61119,430664,434302
5A61577,431147,434329
5A62042,429922,434335
5A70194,429787,430628
5A70354,428097,434515
5A70985,420130,435201
5A81259,435676,434796
5A81545,426576,433899
5A81545,426576,433899
5A82117,426097,437015
5A90960,431586,439580
5A91113,431769,434243
5A91255,433051,427801
5A91468,423414,428088
5AA0617,434001,433885
5AA0955,442620,428001
5AA1280,432886,435728
5AA1326,432322,433117
5AA1331,427915,441535
5AA1702,429062,432243
5AA1775,432358,433693
5AB0728,427825,431259
5AB1553,431738,434584
5AB1553,431738,434584
5AB1640,422049,434381
5AC0971,436190,434397
5AC1941,430698,433015
5AD0025,427518,435873
5AD0086,432447,438783
5AE0112,427241,433281
5AE0112,427241,433281
5AE0647,427798,431233
5AE0647,427798,431233
5AE0908,430855,424427
5AE0924,424238,428281
5AE0924,424238,428281
5AE0941,425622,432956
5AF0162,415641,441634
5AF0162,415641,441634
5AF0277,428788,429716
5AF0277,428788,429716
5AF0405,427745,431177
5AF0759,421795,433954
5AF0879,425231,432304
5AF1145,424873,443594
5AF1211,427568,436873
5AF1232,428799,432656
5AF1337,443528,442842
5AF1376,432868,435934
5AG0765,436349,434228
5AG1238,442104,443235
5AG1352,431001,430600
5AH0421,426294,436972
5AH0978,432526,433756
5AI0028,429342,433478
5AI0822,431373,434229
5AI0980,429962,430873
5AI1224,428567,431620
5AI1224,428567,431620
5AI1448,435333,439426
5AJ0311,438934,436645
5AJ0462,419472,445241
5AJ1098,431630,434983
5AK0639,426811,438012
5AK1289,422956,437695
5AK1341,425151,437879
5AK1810,425625,434226
5AK1838,425205,432538
5AK2252,434848,435776
5AL0394,431143,436269
5AL1210,425948,434690
5AL1306,428743,434077
5AL1485,434500,425884
5AL1485,434500,425884
5AL1485,434500,425884
5AL1615,429609,425744
5AM0314,421634,440843
5AM0319,430007,434147
5AM0344,422808,436098
5AM0734,431187,426500
5AM0734,431187,426500
5AM0970,429429,433957
5AM1636,437584,432327
5AM1636,437584,432327
5AM1636,437584,432327
5AN0290,423799,437360
5AN0439,431481,435011
5AN0439,431481,435011
5AN0856,438656,430082
5AN0877,431626,430525
5AN2038,423932,427819
5AO0335,428717,435614
5AO0770,428001,426144
5AP0528,420493,445130
5AP0528,420493,445130
5AP0840,430495,438549
5AP0905,429670,432928
5AP0979,429487,435412
5AQ0933,427551,430943
5AQ1609,434401,434399
5AR0500,440428,448058
5AR0961,435190,433540
5AR0961,435190,433540
5AR1342,429353,436616
5AS0075,420945,434451
5AS0576,428777,440371
5AS0587,428787,430098
5AS1526,432047,434901
5AS1580,423801,437387
5AS1580,423801,437387
5AS1580,423801,437387
5AS1870,432551,427340
5AT0079,437015,429229
5AT0208,441644,445732
5AT0208,441644,445732
5AT1154,430163,435271
5AT1573,442620,428001
5AT1573,442620,428001
5AT1573,442620,428001
5AU0892,431078,433024
5AU1006,428445,434006
5AU1917,432372,436365
5AV0392,425777,431458
5AV0797,423948,427943
5AV0797,423948,427943
5AV0797,423948,427943
5AV0917,428527,429636
5AV0917,428527,429636
5AV1095,431020,431473
5AV1142,422791,438258
5AV1552,428812,429756
5AV1552,428812,429756
5AV1552,428812,429756
5AV1552,428812,429756
5AV1798,425940,426215
5AV2036,433291,433953
5AV2308,428116,426279
5AV2460,430767,433198
5AV2460,430767,433198
5B11049,429849,432291
5B11049,429849,432291
5B11264,424112,428128
5B11374,442439,442592
5B11374,442439,442592
5B11375,443633,436144
5B11852,430500,437059
5B20288,429044,435359
5B20355,430353,433047
5B20569,432378,433811
5B21618,425281,435051
5B21618,425281,435051
5B21649,432836,434992
5B21798,428233,429700
5B30956,432314,438505
5B31005,437995,433257
5B31005,437995,433257
5B31538,430609,431482
5B31730,429428,435330
5B31950,424442,430611
5B40518,424662,433553
5B41010,424098,428107
5B41010,424098,428107
5B41010,424098,428107
5B41010,424098,428107
5B41162,440391,433558
5B41717,434766,431061
5B50179,429343,433705
5B50179,429343,433705
5B50628,430783,435401
5B51115,423532,441002
5B51161,429135,436759
5B51903,430840,434003
5B60094,429165,431795
5B60567,427415,429716
5B61216,435270,433695
5B61216,435270,433695
5B61216,435270,433695
5B61216,435270,433695
5B62057,428651,430791
5B70667,430623,434205
5B70667,430623,434205
5B71117,421467,442071
5B71117,421467,442071
5B71117,421467,442071
5B71266,424883,435550
5B80713,435932,425873
5B81107,435521,435728
5B81391,428950,433432
5B81526,431309,429134
5B90450,431006,430557
5B90553,437045,435628
5B91199,431837,431355
5B91223,436472,434068
5B92095,430089,433372
5BA0546,434174,435982
5BA0553,428854,430130
5BA0553,428854,430130
5BA0578,422232,433556
5BA0683,428100,433531
5BA0683,428100,433531
5BA0957,432459,433872
5BA1847,435675,434791
5BA1847,435675,434791
5BB1028,430086,431307
5BB1074,425218,429044
5BB1133,429349,433697
5BB1652,433806,433801
5BB1772,426352,428159
5BB1848,430168,438223
5BB1848,430168,438223
5BC1238,423297,435400
5BC1971,428948,440786
5BD0422,429575,430335
5BD0422,429575,430335
5BD0460,431886,435548
5BD1467,420545,440253
5BD2000,429600,432562
5BE0188,432340,438940
5BE0615,426506,433759
5BE1334,431854,426305
5BE1334,431854,426305
5BE1730,431255,429673
5BE1872,430172,438251
5BF0540,429277,433447
5BF1369,423475,434036
5BF1394,427802,431236
5BF1464,422182,428748
5BF1725,423404,435057
5BF1998,430723,438788
5BG0827,421060,439382
5BG1160,423720,434573
5BG1349,443642,436942
5BG1379,426712,435038
5BG1429,443106,440620
5BG1429,443106,440620
5BG1558,440976,447851
5BG1584,428564,434248
5BG2172,421156,441155
5BG2172,421156,441155
5BG2172,421156,441155
5BG2218,432033,437763
5BG2218,432033,437763
5BH0023,428958,435471
5BH0739,431006,430557
5BH0739,431006,430557
5BH0739,431006,430557
5BI0516,431494,431547
5BI1736,430156,434271
5BJ0648,428792,435576
5BJ1117,435327,436536
5BJ1148,429010,436838
5BJ1281,435965,437141
5BJ1378,443519,438293
5BK0285,429666,435844
5BK0335,427659,428116
5BK0499,429940,433031
5BK0748,430070,433831
5BL0225,428902,435507
5BL0229,426280,435596
5BL0333,431420,434084
5BL0713,429598,433440
5BL1639,430076,438408
5BM0300,428962,435478
5BM1024,430091,431309
5BM1324,424657,432799
5BM1361,429881,426405
5BM1504,432474,434863
5BM1579,430337,433736
5BM1636,430089,435422
5BN0954,435724,436928
5BN1231,431336,431590
5BN1687,428935,430409
5BO1212,424878,436945
5BO1212,424878,436945
5BO1421,431066,432003
5BO1581,422014,433943
5BP0570,429430,434017
5BP1490,429242,433910
5BQ0779,426443,427125
5BQ1028,430489,431744
5BQ1437,425564,434138
5BQ1437,425564,434138
5BR0246,422811,437418
5BR0461,426223,431886
5BR1117,433915,434119
5BR1184,434924,435027
5BR1373,438907,426838
5BR1533,428390,434070
5BR1639,428466,428561
5BR1639,428466,428561
5BS0968,430297,434092
5BT1088,415910,442016
5BT1195,429911,434502
5BT1366,432187,433612
5BT1553,427501,425511
5BT1920,424145,428170
5BT2005,431350,435060
5BU0298,427467,433030
5BU0304,429956,434217
5BU0748,431435,429404
5BU0835,428041,434292
5BU1289,424362,432740
5BU1289,424362,432740
5BU2059,431752,434601
5BU2059,431752,434601
5BU2059,431752,434601
5C10567,428444,435062
5C10567,428444,435062
5C11587,429930,432975
5C21152,443629,436542
5C21152,443629,436542
5C21152,443629,436542
5C21152,443629,436542
5C30266,427963,430297
5C30611,427816,435148
5C30611,427816,435148
5C31371,431082,432307
5C40292,424469,433647
5C40875,430838,433997
5C50306,425652,439977
5C50307,426301,435567
5C50329,423240,434748
5C50329,423240,434748
5C50589,426067,427716
5C50617,432436,434836
5C51083,429910,436615
5C51083,429910,436615
5C60332,437781,448278
5C60491,432036,435711
5C60827,428615,433969
5C60885,428728,429690
5C61363,432687,435875
5C61456,431290,431553
5C61765,432524,427557
5C61765,432524,427557
5C61765,432524,427557
5C61932,428631,434605
5C61940,430717,430914
5C70431,426287,444697
5C70525,430415,433747
5C70602,428838,436574
5C70788,427053,439815
5C70960,427797,425850
5C71136,440140,426162
5C71136,440140,426162
5C71161,434339,434341
5C71237,424444,445235
5C80075,429664,435398
5C80709,428528,431535
5C81045,439312,432368
5C81352,428698,433087
5C90568,427622,432470
5C90576,428937,429842
5C90576,428937,429842
5C90697,443460,438470
5C90697,443460,438470
5C90697,443460,438470
5C90697,443460,438470
5C90757,415909,442022
5C90864,424929,427640
5C91441,419954,446142
5C91592,433225,426248
5CA1058,424581,434665
5CA1324,431842,426340
5CA1324,431842,426340
5CA1436,431128,434877
5CA1491,431593,434016
5CA1491,431593,434016
5CA1491,431593,434016
5CA1800,426867,436008
5CB0204,428035,435100
5CB0226,432944,425953
5CB0273,424997,426936
5CB0323,425044,436070
5CB0325,431727,432860
5CB0345,428688,429646
5CB0505,428452,429061
5CB0505,428452,429061
5CB1497,435177,437621
5CB1892,426821,437995
5CC0392,434068,435139
5CC0699,430781,438590
5CC1201,442129,431745
5CC1201,442129,431745
5CC1201,442129,431745
5CC1443,441671,434632
5CC1625,438671,445823
5CC1635,431669,425236
5CC1635,431669,425236
5CD0593,429907,432964
5CD1056,441301,431051
5CD1424,430440,434398
5CD1917,428010,426194
5CE0280,423990,435839
5CE0495,422939,435169
5CE1087,431075,431213
5CE1376,443384,438678
5CE1376,443384,438678
5CE1402,433910,436512
5CE1818,422649,442784
5CE1818,422649,442784
5CE1925,435100,431253
5CE2049,428686,434942
5CF0936,427142,437375
5CF1269,420577,445102
5CG0691,443632,437505
5CG0691,443632,437505
5CG0691,443632,437505
5CG1548,430504,430647
5CH0498,424655,433593
5CH0840,427915,433636
5CH1052,430617,432662
5CH1376,430438,434355
5CH1376,430438,434355
5CI0933,436741,425946
5CI0933,436741,425946
5CI1012,430770,438458
5CI1122,436207,435596
5CI1194,431016,431517
5CI1194,431016,431517
5CI1377,431391,434776
5CI1377,431391,434776
5CJ0853,427837,432935
5CJ0871,432215,436203
5CJ0961,419839,441182
5CJ1116,428047,432828
5CJ1196,432227,433613
5CJ1347,431514,432677
5CJ1379,434953,436436
5CJ1623,425749,432097
5CJ1623,425749,432097
5CJ1932,430779,433346
5CK0941,418021,442691
5CK0941,418021,442691
5CK1817,428454,429077
5CK1834,435289,434830
5CK1973,431301,431732
5CL0858,427199,433534
5CL0858,427199,433534
5CL1088,436204,436253
5CL1122,431914,428209
5CM0267,425974,433087
5CM1715,428432,435006
5CN0571,434997,438393
5CN1067,437312,429479
5CN1067,437312,429479
5CN1387,429221,431514
5CO0357,424970,440039
5CO0478,426230,431901
5CQ0436,424791,435328
5CQ0470,428399,427183
5CQ0762,430516,432719
5CR1051,430543,435124
5CR1299,430240,433914
5CU0470,442104,434636
5CU0926,431181,434172
5CU1803,431965,435832
5CV0814,432096,427519
5CV0814,432096,427519
5CV0814,432096,427519
5CV0814,432096,427519
5CV1097,429895,433375
